ItemArmsHighSecurityStraitJacketCrotch,Crotch Panel
ItemArmsHighSecurityStraitJacketJacketLoose,Jacket
ItemArmsHighSecurityStraitJacketStrapsLoose,Jacket
ItemArmsHighSecurityStraitJacketCrotchStrapsSingle,Crotch
ItemDevicesBedUpper,Cover & Pillow
ItemDevicesBedLower,Bed
ItemDevicesBedCoverOuter,Cover Outer Layer
ItemDevicesBedCoverInner,Cover Inner Layer
ItemDevicesBedTopPillow,Top Pillow
ItemDevicesBedBottomPillow,Bottom Pillow
ItemDevicesBedMattress,Mattress
ItemDevicesBedHeadboard,Headboard
ItemAddonCoversOuter,Outer
ItemAddonCoversInner,Inner
